feature,feature_score
bonds_1,3.97167800317413e-10
bonds_2,2.3255043211798516e-09
bonds_3,6.53818480230557e-09
bonds_4,1.5335763098658798e-08
bonds_5,3.641050951084854e-08
bonds_6,8.951919745161741e-08
bonds_7,8.213241704957758e-09
bonds_8,4.808840803017912e-08
bonds_9,1.1912859544378839e-07
bonds_10,6.763351267790215e-08
bonds_11,1.49329756864318e-07
bonds_12,4.303000560127364e-07
bonds_13,4.3807812699374037e-07
bonds_14,6.025329171366231e-07
bonds_15,6.276335269448092e-07
bonds_16,2.9342846599430306e-07
bonds_17,5.901809391232001e-07
bonds_18,1.3103254400367686e-06
bonds_19,1.6043037366281118e-06
bonds_20,3.6597014705144123e-06
housing_5,0.027681148275931163
invest_19,0.03071364341905291
invest_20,0.025099693908427763
profit_5,0.03386289429220077
profit_6,0.04916969185703136
profit_18,0.03782041138282538
profit_19,0.04414842284800936
profit_20,0.037435292385588494
republican_2,0.00757177617866727
republican_3,0.020795230984766034
republican_4,0.04036655007282081
returns_1,0.010581885397639266
returns_2,0.008682582446825389
returns_3,0.01954527211564403
returns_4,0.03367504923833161
returns_6,0.04787776620955904
returns_7,0.04631105844162346
risk_2,0.048814523437614464
risk_5,0.012290907179236943
risk_6,0.023520478984289928
risk_7,0.04705612798886129
risk_8,0.03319401792305974
risk_9,0.032538815188382024
voters_2,0.0009037660178657644
voters_3,0.0027672385578129638
voters_4,0.0035545595356869563
voters_5,0.005740307511895201
voters_6,0.008377580846423646
voters_7,0.014871150796403255
voters_8,0.02623660976926433
voters_9,0.025034528005737224
voters_10,0.04231378839584038
votes_1,0.00016115745077757959
votes_2,0.001484723851627794
votes_3,0.002280302007231635
votes_4,0.004270157260380189
votes_5,0.00924407678422493
votes_6,0.016130231600571608
votes_7,0.016128510561994717
votes_8,0.017097512219281047
votes_9,0.027919560914297918
votes_10,0.04087227487403764
