feature,feature_score
conflict_1,0.03870842843057144
derivatives_1,0.008120227619335174
derivatives_2,0.022301110591802835
derivatives_3,0.010735671987765379
derivatives_4,0.01762440130603579
derivatives_5,0.029401775913974738
