feature,feature_score
DOW_JONES_1,0.03700310718494428
DOW_JONES_2,0.027034834550036788
DOW_JONES_5,0.00022274842270615615
DOW_JONES_6,0.00011892896938827534
DOW_JONES_7,7.85341064290558e-05
DOW_JONES_8,3.535975814249993e-05
DOW_JONES_9,6.707907217283725e-05
DOW_JONES_10,0.0001443297384787864
DOW_JONES_11,0.0003067022664103747
DOW_JONES_12,7.417464083974818e-05
DOW_JONES_13,0.00014186728038640613
DOW_JONES_14,2.2489759395179715e-05
DOW_JONES_15,3.7357041082290945e-05
DOW_JONES_16,6.645614305830952e-05
DOW_JONES_17,0.00012551085738412402
DOW_JONES_18,5.341584420584408e-05
DOW_JONES_19,8.890866320159862e-06
DOW_JONES_20,1.3192904452511372e-05
dow_jones_1,0.049951536007041074
dow_jones_5,0.0006267484994844515
dow_jones_6,0.00029430916340257156
dow_jones_7,0.000408824129572933
dow_jones_8,0.00011835624741268126
dow_jones_9,0.00010619337007343421
dow_jones_10,0.00019025526298603533
dow_jones_11,0.00034813755968233416
dow_jones_12,2.053161208602082e-05
dow_jones_13,3.079914991941562e-05
dow_jones_14,5.63976076548671e-06
dow_jones_15,2.311661666296584e-06
dow_jones_16,4.245255421383698e-06
dow_jones_17,8.515706226130018e-06
dow_jones_18,4.733671614867669e-06
dow_jones_19,2.004037253994542e-06
dow_jones_20,3.2011777641868387e-06
invest_2,0.024246135842356777
invest_3,0.04802755043504642
markets_2,0.012059806185578842
markets_3,0.004873361555803018
markets_4,0.006965827810837157
markets_5,0.01284762554588792
markets_6,0.019025953828662328
markets_7,0.02387615784906775
markets_8,0.016587001421919184
markets_9,0.027679614849123912
markets_10,0.037102447082657
politics_12,0.03292550060835811
politics_13,0.036414285532572456
