feature,feature_score
DOW_JONES_5,0.04319818608384939
DOW_JONES_7,0.0421640772185209
DOW_JONES_12,0.018206893982229824
DOW_JONES_13,0.01625294673958915
DOW_JONES_14,0.014339400377235603
DOW_JONES_15,0.021063207264043426
DOW_JONES_16,0.013405168043973546
DOW_JONES_17,0.014425996419326839
DOW_JONES_18,0.008361831737398023
DOW_JONES_19,0.0005025570834962014
DOW_JONES_20,0.0009695836233237552
dow_jones_5,0.03993037427350398
dow_jones_16,0.03813067298809534
dow_jones_17,0.04112281851170236
dow_jones_18,0.025996014186843046
dow_jones_19,0.0024054178283739198
dow_jones_20,0.003936321095711736
election_12,0.0023897474338383062
election_13,0.002440659572066688
election_14,0.0029139746182146524
election_15,0.0052673253542400425
election_16,0.004169925140736297
election_17,0.006826698359267554
election_18,0.00802015700272855
election_19,0.005072215313123281
election_20,0.012131527537767934
invest_2,0.03893014329903532
invest_3,0.04472501061038444
markets_1,0.03445331475510473
markets_2,0.015705753303706934
markets_3,0.020359497159041593
markets_4,0.022726693992067153
markets_5,0.04334772823094936
representatives_19,0.016800106672310057
representatives_20,0.018336037208801174
return_2,0.046787439079632905
return_3,0.044417485358699646
votes_19,0.026456940237158506
votes_20,0.01622368409488703
