feature,feature_score
markets_3,0.011251348493431996
markets_4,0.015283199836759914
markets_5,0.02989741473254924
