feature,feature_score
missouri_4,0.024324378309280643
missouri_5,0.0006435083372677765
missouri_6,0.0015124269797146667
missouri_7,0.002263773587062799
missouri_8,0.004433779270295852
missouri_9,0.008190855961112624
missouri_10,0.012790091401562615
missouri_11,0.021446418063729506
missouri_12,0.03359407883238704
missouri_13,0.04571221549390297
