feature,feature_score
DOW_JONES_8,0.040132203273788435
DOW_JONES_9,0.02086527108101225
DOW_JONES_10,0.036648387328435186
cash_1,0.03401659242035785
invest_2,0.037835567809319966
invest_4,0.04190771288359402
risk_1,0.038335262232827544
stock_market_1,0.04310057142753223
