feature,feature_score
DOW_JONES_13,0.0026478406981274107
DOW_JONES_14,0.0018470871566269981
DOW_JONES_15,0.00048065702372405614
DOW_JONES_16,0.0002091810094776362
DOW_JONES_17,0.00020132619604771443
DOW_JONES_18,0.0002863467315429413
DOW_JONES_19,0.00011114875237672718
DOW_JONES_20,0.0001387458244138905
buy_5,0.03954265881421137
buy_7,0.037771069568156256
buy_8,0.014523057826814482
buy_9,0.01983511850852653
buy_10,0.032360677288393556
buy_14,0.043179672665628784
buy_15,0.013424064117099453
buy_16,0.02102935855913377
buy_17,0.03178804842517275
buy_18,0.015340393209015752
buy_19,0.016066762107369306
buy_20,0.015175717739351039
consumption_1,0.04356790927148037
consumption_3,0.022437259828452703
consumption_13,0.011172399988219565
consumption_14,0.013706317840773183
consumption_15,0.003732659709141364
consumption_16,0.0036261702199775554
consumption_17,0.005090432683560769
consumption_18,0.0008142596944546866
consumption_19,0.0007066744641201332
consumption_20,0.0011316608733381423
crash_4,0.028347904532391048
dow_jones_14,0.04383119929153493
dow_jones_15,0.008829799590429647
dow_jones_16,0.012231464326832937
dow_jones_17,0.008057294770886542
dow_jones_18,0.009822305505549595
dow_jones_19,0.0071574037002358135
dow_jones_20,0.007457693627572217
economic_1,0.02473976152094969
election_18,0.0038392511622533866
election_19,0.006213106201490929
election_20,0.007130523043254283
freedom_1,0.024529763493891507
freedom_6,0.04449691337997623
labor_11,0.020980984092529974
labor_12,0.0309203895053269
labor_13,0.027477437483817858
labor_14,0.040097725648186984
stocks_9,0.03323111465143169
stocks_13,0.04219473085432237
world_6,0.04939009511570166
