feature,feature_score
DOW_JONES_1,0.02093523371255639
DOW_JONES_2,0.047464091045423124
dow_jones_1,0.03128997145043098
