feature,feature_score
invest_2,0.04100255107734754
president_6,0.028916904478330705
president_7,0.025346575998466396
president_8,0.040687495811468924
senate_6,0.019978051211009092
senate_7,0.035894077355485686
