feature,feature_score
DOW_JONES_1,0.03707315680063482
DOW_JONES_2,0.04729772110941987
banking_1,0.0442680371786205
banking_3,0.02029334306867281
banking_4,0.023522815730543545
banking_5,0.04065819639408034
college_3,0.006833142048257211
college_4,0.01649838150075302
college_5,0.027809914365034032
college_6,0.04983756657885296
community_3,0.0412283775108539
companies_1,0.014577801279444408
companies_3,0.035090943924436555
credit_1,0.040883889232353685
credit_3,0.03174792234291667
dow_jones_1,0.029299998845924675
dow_jones_2,0.03595690760051587
election_12,0.03659385571898884
election_13,0.018937613654880704
election_14,0.028381263371905486
fed_1,0.01565886636004527
fed_2,0.02202028921638146
fed_3,0.02589653332505977
fed_4,0.0436155537413753
fed_7,0.0476755858868577
finance_1,0.03478633341408268
housing_3,0.04158809870603227
housing_5,0.048793845312658415
invest_2,0.017932493475606583
invest_3,0.030153902214291144
movement_1,0.005789964051439902
movement_2,0.01665899917702184
movement_3,0.04014227253570443
stock_market_1,0.017754706244503322
