feature,feature_score
DOW_JONES_1,0.02707886320481298
DOW_JONES_2,0.013993756134619754
DOW_JONES_3,0.030067441855458565
DOW_JONES_5,0.029301261016425686
DOW_JONES_6,0.030960745731175687
DOW_JONES_7,0.027764683097244565
DOW_JONES_8,0.034653354563170556
DOW_JONES_9,0.011064152807959473
DOW_JONES_10,0.017501902124135722
DOW_JONES_11,0.013812711614929103
DOW_JONES_12,0.0022750111566090057
DOW_JONES_13,0.002433207373101736
DOW_JONES_14,0.0030758526766948282
DOW_JONES_15,0.00486204818018989
DOW_JONES_16,0.002728006543797576
DOW_JONES_17,0.002224407806293149
DOW_JONES_18,0.0020740284525493425
DOW_JONES_19,1.0882244454571594e-05
DOW_JONES_20,1.3255700562642847e-05
cash_1,0.04796009425662632
dow_jones_1,0.02238135766192237
dow_jones_2,0.02871169516850377
dow_jones_3,0.044425829913774355
dow_jones_6,0.04746440086236064
dow_jones_7,0.020952619423728225
dow_jones_8,0.027446837426095803
dow_jones_9,0.005088950731548675
dow_jones_10,0.009130232974207286
dow_jones_11,0.015065588400808252
dow_jones_12,0.004824089928808083
dow_jones_13,0.004343518394511534
dow_jones_14,0.00556489181836043
dow_jones_15,0.004783972482308533
dow_jones_16,0.0022805857100680815
dow_jones_17,0.0013886983552874568
dow_jones_18,0.0015575025724930693
dow_jones_19,5.3773459968823014e-05
dow_jones_20,5.120327544984244e-05
elected_1,0.02674804105386432
election_13,0.016116775024107733
election_14,0.00452258654510288
election_15,0.00628536918395777
election_16,0.005755425493562119
election_17,0.007762755698164051
election_18,0.004683575569190957
election_19,0.00938213533961617
election_20,0.01924411542966705
invest_3,0.027248808673092473
invest_4,0.0419829031618356
markets_2,0.02365176102503495
markets_3,0.005633238436836497
markets_4,0.006803335275346272
markets_5,0.010875322717501397
markets_6,0.019693027215446458
markets_7,0.019524744418930845
markets_8,0.02929652567308989
markets_9,0.045870009541241055
politics_2,0.03658545857164482
stock_market_1,0.03445363282778953
