feature,feature_score
DOW_JONES_10,0.005538245451270603
DOW_JONES_11,0.005129510701653099
DOW_JONES_12,0.0034178050285339633
DOW_JONES_13,0.003847458166189354
DOW_JONES_14,0.0066828397536455985
DOW_JONES_15,0.0011756145358092153
DOW_JONES_16,0.0007965888871031639
DOW_JONES_17,0.00035450582510456477
DOW_JONES_18,0.000522623327846349
DOW_JONES_19,0.0004897777436795379
DOW_JONES_20,0.0006936338772031802
dow_jones_10,0.0481553510054988
dow_jones_11,0.012216936357627115
dow_jones_12,0.013531341862238056
dow_jones_13,0.012781960254082503
dow_jones_14,0.017735235892075343
dow_jones_15,0.0038312059691351405
dow_jones_16,0.0010038852922122472
dow_jones_17,0.0007008312884665846
dow_jones_18,0.0011202358478385555
dow_jones_19,0.0006905676223124763
dow_jones_20,0.0011820031558279285
election_12,0.004426498116988944
election_13,0.004451337292895078
election_14,0.001884133443573376
election_15,0.0035492317250651996
election_16,0.002131313033449321
election_17,0.003045145710025963
election_18,0.002297325687518006
election_19,0.0033900734253966844
election_20,0.005358932778808547
invest_2,0.03631415531976761
politics_12,0.04422077917745184
politics_13,0.0480942734683369
politics_16,0.02246836306832385
politics_17,0.03094379524670619
politics_18,0.038394507177018596
president_11,0.025827876281050217
president_12,0.0339814554020208
president_13,0.047083237204133224
