feature,feature_score
DOW_JONES_2,0.026806511332000866
DOW_JONES_12,0.0010559056362564737
DOW_JONES_13,0.0018701752025638298
DOW_JONES_14,0.0012946181007045523
DOW_JONES_15,5.3010879405416925e-05
DOW_JONES_16,1.9396670393100143e-06
DOW_JONES_17,2.665478490570702e-06
DOW_JONES_18,2.1260270272965335e-06
DOW_JONES_19,1.4160046078274616e-07
DOW_JONES_20,2.3794425881775717e-07
banking_3,0.0046145113118967705
banking_4,0.008440355893728572
banking_5,0.014619590363124567
banking_6,0.013117612351335762
banking_7,0.02574639117507725
banking_8,0.03958533877296157
county_5,0.04497496268915096
county_14,0.034277977706407364
county_15,0.049614026735037724
county_20,0.04199440082291025
dow_jones_12,0.0018549976692952296
dow_jones_13,0.002615216282093231
dow_jones_14,0.0032222424374373612
dow_jones_15,7.47731836319491e-05
dow_jones_16,7.5793779718200165e-06
dow_jones_17,7.48095603478128e-06
dow_jones_18,7.552878853362729e-06
dow_jones_19,3.5256486142908e-06
dow_jones_20,6.162876866847345e-06
election_13,0.0025901035771393596
election_14,0.00021850745259273472
election_15,0.0003784597418001261
election_16,0.0002025499283219688
election_17,4.091061551085121e-05
election_18,4.51245500448426e-05
election_19,7.601344536836566e-05
election_20,0.00013537488196741954
invest_2,0.008610530183893522
invest_3,0.02043781451206338
invest_4,0.041481307268442354
opportunity_2,0.04240903282408491
politics_16,0.049768651537610675
politics_17,0.0229566873069653
politics_18,0.026230917795928087
politics_19,0.03520334547600665
politics_20,0.03525821407352185
stock_market_16,0.03159326873800022
stock_market_17,0.0365793438569551
stock_market_18,0.03688728738698492
stock_market_19,0.03168745276605452
stock_market_20,0.04099028391600798
votes_17,0.031093106478202324
votes_18,0.03728637275704954
votes_19,0.04980096521416778
