feature,feature_score
DOW_JONES_5,0.03541897523520313
DOW_JONES_6,0.0012409773136608006
DOW_JONES_7,0.0017650558531350897
DOW_JONES_8,0.002458141242720492
DOW_JONES_9,0.002681923619502897
DOW_JONES_10,0.00478310752573422
DOW_JONES_11,0.00206549621204176
DOW_JONES_12,0.003422039693720536
DOW_JONES_13,0.005706627829828451
DOW_JONES_14,0.004845099580561367
DOW_JONES_15,0.0070608969236561495
DOW_JONES_16,0.001268599255011982
DOW_JONES_17,0.002081782074736275
DOW_JONES_18,0.0011418045949979148
DOW_JONES_19,0.00011892741929428654
DOW_JONES_20,0.00019208566278045727
banking_3,0.001086014329952372
banking_4,0.002592595984383044
banking_5,0.004092251501527968
banking_6,0.007569668735407214
banking_7,0.013562044250532191
banking_8,0.02155624528271486
banking_9,0.02785573201356745
banking_10,0.046690817695780124
crash_2,0.0324773035972286
crash_4,0.049337962382100524
crash_5,0.03886098582430699
crisis_1,0.04399183607131391
dow_jones_6,0.014539581392124686
dow_jones_7,0.005227507080208881
dow_jones_8,0.00597598990737736
dow_jones_9,0.006564222932270138
dow_jones_10,0.011732417496147124
dow_jones_11,0.006195138218036457
dow_jones_12,0.009503741818187597
dow_jones_13,0.013342988793581855
dow_jones_14,0.018782092299139914
dow_jones_15,0.02726892282801499
dow_jones_16,0.00984698620905251
dow_jones_17,0.00918569239382352
dow_jones_18,0.007439590446518774
dow_jones_19,0.002098762636520494
dow_jones_20,0.002757018210401685
happy_1,0.041004928241885875
kentucky_3,0.005089933765523349
kentucky_4,0.00726427024108506
kentucky_5,0.01606962343013371
kentucky_6,0.029247731052651407
kentucky_7,0.03320658518996147
kentucky_8,0.04051371219885381
kentucky_9,0.04954931740512653
market_1,0.03667870899646908
nasdaq_1,0.04518389805373976
party_1,0.03946496998595286
religion_3,0.024886330968174934
religion_4,0.046620335973236435
trader_1,0.009317688469270842
trader_2,0.03314259462116502
