feature,feature_score
DOW_JONES_5,0.03395572308316512
DOW_JONES_7,0.01723104617816872
DOW_JONES_8,0.026816804128650992
DOW_JONES_9,0.04328791836865243
DOW_JONES_10,0.01582926791000646
DOW_JONES_11,0.022691663671930172
DOW_JONES_12,0.025434275603738937
DOW_JONES_13,0.00862817272835582
DOW_JONES_14,0.0037328219814660537
DOW_JONES_15,0.005715074192296702
DOW_JONES_16,0.0077788715417349006
DOW_JONES_17,0.009428985545435921
DOW_JONES_18,0.012460287466178558
DOW_JONES_19,0.004270926586639712
DOW_JONES_20,0.004391327233671836
dow_jones_7,0.041634320816331234
dow_jones_13,0.04100499720539061
dow_jones_14,0.0040718616854131485
dow_jones_15,0.005221387175539041
dow_jones_16,0.006785753802048629
dow_jones_17,0.0060657574221622945
dow_jones_18,0.007349746025923926
dow_jones_19,0.0023028095532099963
dow_jones_20,0.003246736699273792
election_12,0.02983604993098276
election_13,0.02550712883643696
election_14,0.0055526356642820705
election_15,0.00969557057773009
election_16,0.01009259398361383
election_17,0.01138491280048039
election_18,0.015211229500219059
election_19,0.01933543089702123
election_20,0.02768080487144819
