feature,feature_score
DOW_JONES_16,0.028230786254441243
DOW_JONES_17,0.021710489648280738
DOW_JONES_18,0.02738964147046226
DOW_JONES_19,0.010542156672995445
DOW_JONES_20,0.013520793134173469
bank_8,0.040423033605148095
carolina_8,0.035103590444200264
carolina_10,0.048115123775971214
college_9,0.04074838100764862
debt_7,0.03147312776696003
dow_jones_10,0.04784610226249841
dow_jones_13,0.01839431596858684
dow_jones_14,0.029920532512061223
dow_jones_15,0.009384718644161173
dow_jones_16,0.013126759494999106
dow_jones_17,0.008039239278509762
dow_jones_18,0.009239986083101644
dow_jones_19,0.005543923797849667
dow_jones_20,0.00641887362689234
financial_7,0.04204838864799024
financial_8,0.04827201609904433
happy_10,0.028597636906627054
happy_11,0.023712313821987345
happy_12,0.021139368381931686
happy_13,0.015178061494634994
happy_14,0.02190395994211793
happy_15,0.03128131797090465
happy_16,0.047541584382061686
markets_2,0.043608249754149
representatives_8,0.027879843823511545
representatives_9,0.036445548989288916
representatives_10,0.014733796078320361
representatives_11,0.01542255939499803
representatives_12,0.015922066513861414
unemployment_4,0.03578470303316215
unemployment_5,0.010215737267986606
unemployment_6,0.019902771673813435
unemployment_7,0.027240424723017326
unemployment_8,0.02189390570521041
unemployment_9,0.038917684146020454
