feature,feature_score
DOW_JONES_7,0.034274154467251905
DOW_JONES_8,0.02661985879593537
DOW_JONES_9,0.040502529003096054
DOW_JONES_10,0.030338200747265082
DOW_JONES_11,0.018717698364841228
DOW_JONES_12,0.008367427177799517
DOW_JONES_13,0.012769574430621114
DOW_JONES_14,0.022025453616785512
DOW_JONES_15,0.030949371693482518
DOW_JONES_16,0.026072961363586004
DOW_JONES_17,0.04202246431306619
DOW_JONES_19,0.026375613555940494
DOW_JONES_20,0.038880706770290686
blacklist_2,0.02264967137418253
blacklist_3,0.03817246125094519
bonds_1,0.013243372618558886
bonds_2,0.04181894543278147
consumption_3,0.030428544474132124
consumption_4,0.023806744984719366
consumption_5,0.011696230364632139
consumption_6,0.02477721820277529
consumption_7,0.02631980574845225
consumption_8,0.042226089118822904
dow_jones_7,0.0321254695117053
dow_jones_8,0.03413215475364952
dow_jones_9,0.0376812793727144
dow_jones_10,0.030836834540544943
dow_jones_11,0.022318437588479675
dow_jones_12,0.030668943133671744
dow_jones_13,0.043615208902380145
financial_6,0.02635924818526446
financial_7,0.04321089439157182
financial_8,0.04774848889309703
gains_1,0.030436793756580562
rights_6,0.03610599543772642
stocks_9,0.029252222687348946
stocks_10,0.030466241242444125
stocks_11,0.0403506610624268
technology_6,0.04774352094267021
texas_6,0.048682081066719375
