feature,feature_score
DOW_JONES_6,0.02841778345191251
DOW_JONES_8,0.009135671802514246
DOW_JONES_9,0.013997769903491103
DOW_JONES_10,0.019018797913073374
DOW_JONES_11,0.0060235406747012245
DOW_JONES_12,0.007749318075333326
DOW_JONES_13,0.004116498537149446
DOW_JONES_14,0.005062107675474143
DOW_JONES_15,0.003243812749266478
DOW_JONES_16,0.005214423942765381
DOW_JONES_17,0.006241213583804307
DOW_JONES_18,0.006797838396912582
DOW_JONES_19,0.0009709152924652691
DOW_JONES_20,0.0011119420639033129
crash_4,0.021783898934696948
crash_5,0.0397383203975688
crash_9,0.03896104200586545
dow_jones_6,0.025557398791650945
dow_jones_8,0.00487317018881134
dow_jones_9,0.004706154912361274
dow_jones_10,0.006439234048462359
dow_jones_11,0.00300726236349135
dow_jones_12,0.004286180071626294
dow_jones_13,0.0022189185432150253
dow_jones_14,0.002830340039943791
dow_jones_15,0.0015609539874307618
dow_jones_16,0.0012422316884348316
dow_jones_17,0.0019322351452436771
dow_jones_18,0.00245458305144583
dow_jones_19,0.001610943244957665
dow_jones_20,0.0020288116545739395
politics_8,0.03851072308476336
stock_market_19,0.038662506935108656
