feature,feature_score
earnings_2,0.03356961658327064
forex_9,0.04050372838783501
forex_12,0.04389376546671046
forex_14,0.01723597949383519
forex_15,0.019939692831883016
forex_16,0.022068367904613785
forex_17,0.01793768836293248
forex_18,0.026968389018988993
forex_19,0.0047328317090282535
forex_20,0.007190440013497519
success_2,0.011319241485405687
success_3,0.020185513414158508
success_4,0.04352158981439475
