feature,feature_score
DOW_JONES_1,0.024592746965101706
DOW_JONES_5,0.044830439347538456
DOW_JONES_7,0.013441435688539
DOW_JONES_8,0.018290693127982007
DOW_JONES_9,0.01502972016926731
DOW_JONES_10,0.013642103463503627
DOW_JONES_11,0.02343824091564043
DOW_JONES_12,0.01865251726709359
DOW_JONES_13,0.004111931353428808
DOW_JONES_14,0.006691663310423773
DOW_JONES_15,0.010570973492805925
DOW_JONES_16,0.009161837922870425
DOW_JONES_17,0.01320170005877291
DOW_JONES_18,0.024745646640017802
DOW_JONES_19,0.01286150273501382
DOW_JONES_20,0.010059252941250495
banking_1,0.0014091025560030264
banking_2,0.005733490390621104
banking_3,0.004715091601782559
banking_4,0.008479339092633596
banking_5,0.007406791246403936
banking_6,0.011414978032618683
banking_7,0.021598738447779924
banking_8,0.03628178256734674
cash_1,0.023859182403956306
cash_2,0.04915236342938692
credit_1,0.029295639364220888
dow_jones_7,0.007200068425118795
dow_jones_8,0.006835734433423719
dow_jones_9,0.0073457501427936535
dow_jones_10,0.006686223722219743
dow_jones_11,0.011778612383667623
dow_jones_12,0.009825767496426748
dow_jones_13,0.0016435445258429194
dow_jones_14,0.0024658688316323693
dow_jones_15,0.003258236676521886
dow_jones_16,0.005353724248052814
dow_jones_17,0.006722217804467459
dow_jones_18,0.009338928727892977
dow_jones_19,0.004652684671404954
dow_jones_20,0.00390750575575201
economic_1,0.04455762485173331
election_14,0.04506639153926399
election_15,0.04757827861192516
election_16,0.038862530717634944
finance_1,0.027556372889430424
health_1,0.03119929798573717
movement_1,0.02599403186646619
representatives_12,0.0376314402229373
rights_1,0.028058290169280475
stock_market_1,0.021739648149720295
stock_market_2,0.027248377847939657
stock_market_3,0.043474782030289316
stock_market_9,0.02409209736133187
stock_market_10,0.02607369465563973
stock_market_11,0.02773983687100468
stock_market_12,0.028171723695135382
water_2,0.03514084493380076
