feature,feature_score
DOW_JONES_4,0.038178583825972716
DOW_JONES_5,0.0009098447936335193
DOW_JONES_6,0.002205124059000872
DOW_JONES_7,0.0004856270594699373
DOW_JONES_8,0.00025187700921358293
DOW_JONES_9,2.818060204306129e-05
DOW_JONES_10,8.149487900340835e-05
DOW_JONES_11,0.00013851777172234122
DOW_JONES_12,0.00020171392374299527
DOW_JONES_13,5.889119467975442e-05
DOW_JONES_14,0.0001354609636727335
DOW_JONES_15,0.00016783971255036661
DOW_JONES_16,0.00020965309507813446
DOW_JONES_17,0.00022932316845475923
DOW_JONES_18,0.00016311166761390802
DOW_JONES_19,1.0407550111044229e-05
DOW_JONES_20,9.231683957557627e-06
dow_jones_4,0.04522186593961034
dow_jones_5,0.0032762005022552603
dow_jones_6,0.007677644282330355
dow_jones_7,0.0014942322256174467
dow_jones_8,0.0007255301639511121
dow_jones_9,6.43594199911588e-05
dow_jones_10,0.00018920626403928333
dow_jones_11,0.00034932880696733365
dow_jones_12,0.0004732410315804428
dow_jones_13,5.996737531301181e-05
dow_jones_14,0.00010111715183777567
dow_jones_15,7.402135363134516e-05
dow_jones_16,0.00010910261291985712
dow_jones_17,0.00015839177222029047
dow_jones_18,0.00019863950470288318
dow_jones_19,1.2461638894971551e-05
dow_jones_20,1.749863563687772e-05
election_1,0.0062150574155832835
election_2,0.024252858967368684
election_3,0.04538080975315091
election_5,0.03208613450794051
election_12,0.010235481601136768
election_13,0.016047533207307896
election_14,0.020405108490899892
election_15,0.020888787211333942
election_16,0.009921202629877616
election_17,0.009659725063584097
election_18,0.013216078442377205
election_19,0.021845410866032994
election_20,0.028754868363712032
risk_1,0.044338137724662996
stock_market_19,0.041572515893863064
