feature,feature_score
DOW_JONES_2,0.021245895562666567
DOW_JONES_5,0.027787417660997626
DOW_JONES_6,0.03016615544075921
DOW_JONES_10,0.01642253790812054
DOW_JONES_11,0.022263996004724756
DOW_JONES_12,0.028208066820858906
DOW_JONES_13,0.039352383343814676
DOW_JONES_14,0.04956104824317321
DOW_JONES_15,0.0057624609071885834
DOW_JONES_16,0.005072852450121272
DOW_JONES_17,0.006081424734022325
DOW_JONES_18,0.007476904406370289
DOW_JONES_19,0.005005996294069669
DOW_JONES_20,0.005772112595921948
banking_3,0.019095055031184513
banking_4,0.03549462957512442
banking_5,0.02051667050455232
banking_6,0.03713226416875869
buy_15,0.03506634529944488
buy_16,0.0435527021736247
dow_jones_15,0.024221092279519178
dow_jones_16,0.021185512701708212
dow_jones_17,0.02566598479162605
dow_jones_18,0.024843745941269108
dow_jones_19,0.011506520920935265
dow_jones_20,0.013740218587269449
election_14,0.031100266050670067
election_15,0.04621602838416021
election_16,0.03559993909133437
election_17,0.044118866949458845
election_18,0.014491132034108938
election_19,0.021526109383231216
election_20,0.021403122687965632
freedom_6,0.02011225987560249
freedom_7,0.02999830604229043
freedom_8,0.029131009543190096
freedom_9,0.03918296944325044
freedom_10,0.038084895234895444
freedom_11,0.03548955739064408
freedom_12,0.037669358106885334
freedom_14,0.027754332972142196
freedom_15,0.038666254433856836
happy_19,0.04108149481561215
happy_20,0.04448955525550504
headlines_5,0.04208893385083324
inflation_3,0.04740272215942477
inflation_6,0.034137386793819884
inflation_7,0.02206731631941378
inflation_8,0.03876397364129414
inflation_9,0.04683938776090358
million_12,0.03388938806443268
million_13,0.04121281042588767
movement_1,0.012047414401929584
movement_2,0.04938700080659599
movement_3,0.040017176441038534
religion_5,0.044732598783724244
religion_6,0.036756889751163174
religion_7,0.030602220437498853
religion_8,0.036450119496218854
religion_9,0.014398921748960217
religion_10,0.03493926906031229
religion_11,0.020968642109456884
religion_12,0.03138777930484295
religion_13,0.04571989342429715
stats_4,0.04628937962174857
transaction_9,0.048227102498079474
world_14,0.02916046217621061
world_15,0.03259167378500119
world_16,0.039238440650357524
