feature,feature_score
DOW_JONES_15,0.02367944102042569
DOW_JONES_16,0.034624654579669144
DOW_JONES_17,0.0018959259484137515
DOW_JONES_18,0.0006787049605439571
DOW_JONES_19,0.0004800964381706798
DOW_JONES_20,0.000486353462252779
act_1,0.04304354772239658
bank_3,0.045907643700453006
bank_5,0.04815829256846281
bonds_1,0.018362853761117136
college_2,0.04894800196932719
county_3,0.02724517458257921
county_4,0.03863133358805947
county_5,0.024270116843648125
county_6,0.035275726497461385
credit_3,0.02400913226058571
credit_4,0.0456674549846641
credit_5,0.012243106164095918
credit_6,0.02031693971266573
credit_7,0.033502412037977825
credit_8,0.04960890256250339
default_1,0.018112972402430566
default_2,0.010879159139306751
default_3,0.025572077947745426
dow_jones_15,0.002250289506450932
dow_jones_16,0.0020925319063503874
dow_jones_17,6.915854157900741e-05
dow_jones_18,7.168893069806231e-05
dow_jones_19,4.937022062191807e-05
dow_jones_20,6.976143881622401e-05
election_18,0.038696395013815464
election_19,0.04081713286602835
election_20,0.044501076305956844
housing_2,0.04876279540881913
housing_3,0.0319581628375813
housing_5,0.024998977000790266
housing_6,0.0420195607878897
ohio_3,0.03981428362926106
ohio_5,0.037381106483084396
opportunity_2,0.04562017422269992
risk_1,0.018159817012029084
risk_2,0.024449965602056666
risk_3,0.01729851987164789
risk_4,0.016067898461395218
risk_5,0.023545787213740288
risk_6,0.041120218740851165
service_3,0.025302586589575415
service_5,0.01782550340885265
service_6,0.03028419642462133
service_7,0.0428668285182388
success_1,0.03128225699718096
texas_2,0.032927290853293094
texas_3,0.015617163775806294
texas_4,0.034163689342476135
texas_5,0.015730740803614966
texas_6,0.020707551309527727
texas_7,0.03616592961085894
