feature,feature_score
DOW_JONES_8,0.011978639199872116
DOW_JONES_9,0.021875958986914548
DOW_JONES_10,0.007325060594337885
DOW_JONES_11,0.011019771915805483
DOW_JONES_12,0.017558192897570508
DOW_JONES_13,0.002177004224961088
DOW_JONES_14,0.0007553974976998397
DOW_JONES_15,0.00013160004936165672
DOW_JONES_16,8.715553513782273e-05
DOW_JONES_17,3.526554121267341e-05
DOW_JONES_18,6.70606560078958e-05
DOW_JONES_19,1.1138254323994055e-05
DOW_JONES_20,1.6304515939375975e-05
conflict_3,0.04131146436944582
democratic_12,0.035108641922320744
democratic_13,0.006842621777529107
democratic_14,0.009597719067029147
democratic_15,0.006828132207215938
democratic_16,0.010639163361254915
democratic_17,0.009779126023890585
democratic_18,0.008739715760242121
democratic_19,0.012242596121567377
democratic_20,0.015435649686831488
dow_jones_8,0.003139100648446476
dow_jones_9,0.006642234283455871
dow_jones_10,0.0019154586237825442
dow_jones_11,0.0020212262378921804
dow_jones_12,0.005026935374711336
dow_jones_13,0.000764804456272873
dow_jones_14,0.0004106276306704863
dow_jones_15,8.62481853409343e-05
dow_jones_16,3.0839280117744085e-05
dow_jones_17,1.733771714878161e-05
dow_jones_18,2.6544844699027422e-05
dow_jones_19,1.0052086014883622e-05
dow_jones_20,1.758873825307017e-05
gains_1,0.04824730597735258
invest_2,0.021321268134611764
invest_3,0.026061263824781866
invest_5,0.028337355382536806
invest_6,0.04837847064876454
invest_18,0.032641260279755176
invest_19,0.03783766038759561
invest_20,0.03758873304134523
labor_4,0.02036811427280363
labor_5,0.031631156221935734
labor_11,0.042197577205428875
minister_2,0.04493378359850033
seats_2,0.04078373583457631
seats_3,0.021201174897306933
seats_4,0.04889415175440267
stocks_9,0.020501038504679214
stocks_10,0.02332370025988812
stocks_11,0.031100940371330498
