feature,feature_score
DOW_JONES_1,0.03211210401305772
DOW_JONES_2,0.0033124166203618677
DOW_JONES_3,0.007724358280366328
DOW_JONES_4,0.004519225714753613
DOW_JONES_5,0.008266409597108525
DOW_JONES_6,0.004231452130911264
DOW_JONES_7,0.008447312366815783
DOW_JONES_8,0.013695521733497857
DOW_JONES_9,0.0211261915135205
DOW_JONES_10,0.013187403247813942
DOW_JONES_11,0.0037004963764940752
DOW_JONES_12,0.003481117990649067
DOW_JONES_13,0.003725971162246312
DOW_JONES_14,0.0037066557709108374
DOW_JONES_15,9.997699647630632e-05
DOW_JONES_16,6.3231832333442405e-06
DOW_JONES_17,7.244960765342342e-06
DOW_JONES_18,7.113596245788026e-06
DOW_JONES_19,1.8215019927860444e-07
DOW_JONES_20,2.8844122011953153e-07
dow_jones_2,0.027726629737148022
dow_jones_4,0.0493938174634191
dow_jones_6,0.02105753936459286
dow_jones_7,0.03407961640756997
dow_jones_9,0.042224887598100544
dow_jones_10,0.04712994452700405
dow_jones_11,0.03369733437574351
dow_jones_12,0.043372308533377917
dow_jones_15,0.0007700516495252476
dow_jones_16,0.00016861494376546542
dow_jones_17,8.295969589567259e-05
dow_jones_18,5.810715624927106e-05
dow_jones_19,3.878969052630207e-06
dow_jones_20,6.816731073543767e-06
economic_1,0.029207204830803725
election_16,0.048062767787085084
energy_1,0.049756595393661084
invest_2,0.0174983104442649
invest_3,0.026903011150850704
invest_4,0.03091983148475326
invest_5,0.049171879853241646
kentucky_1,0.038141327372576826
kentucky_2,0.03943394004997921
kentucky_3,0.04593572137405022
markets_3,0.031723386664542
party_1,0.023008936071994033
party_2,0.03998421697975102
stock_market_16,0.030541410739764803
stock_market_17,0.03951184843711099
stock_market_18,0.042302678768788675
stock_market_19,0.01648349836649617
stock_market_20,0.017300119447618112
