feature,feature_score
DOW_JONES_5,0.046069662700451444
DOW_JONES_6,0.010806448135457674
DOW_JONES_7,0.008022843596102544
DOW_JONES_8,0.009600814585898555
DOW_JONES_9,0.003078171260295344
DOW_JONES_10,0.006178585316406034
DOW_JONES_11,0.010184910868786588
DOW_JONES_12,0.003915039831609818
DOW_JONES_13,0.004966760098805666
DOW_JONES_14,0.004463017822271993
DOW_JONES_15,7.350007210553751e-05
DOW_JONES_16,1.3498838933051551e-05
DOW_JONES_17,1.2107949726806741e-05
DOW_JONES_18,1.352702292543432e-05
DOW_JONES_19,5.714400975983364e-06
DOW_JONES_20,3.1860164976080685e-06
community_4,0.047796403287097375
dow_jones_6,0.010883722980810124
dow_jones_7,0.008907870505837981
dow_jones_8,0.007000007199627011
dow_jones_9,0.0013237306053910118
dow_jones_10,0.0019807543416138066
dow_jones_11,0.003136969231680233
dow_jones_12,0.0019211584758803669
dow_jones_13,0.0014734009336107624
dow_jones_14,0.001630708451830416
dow_jones_15,2.1460497503691643e-05
dow_jones_16,1.1078460170969292e-05
dow_jones_17,9.50089151070587e-06
dow_jones_18,1.2160720528631468e-05
dow_jones_19,1.1066830631516756e-05
dow_jones_20,1.1524770910917392e-05
elected_1,0.037751715111350274
founded_1,0.04694556143880613
invest_3,0.02505954943865133
invest_4,0.01784089857387762
invest_5,0.029545627646882545
politics_2,0.01072171370716469
politics_3,0.01512404228593639
politics_4,0.02838246719930696
stock_market_9,0.011831894951829042
stock_market_10,0.029666418212631707
stock_market_11,0.037031057839763376
stock_market_12,0.020284161171748572
stock_market_13,0.027868898830113523
stock_market_14,0.030319158829303805
stock_market_15,0.010177120091603254
stock_market_16,0.009578729199207414
stock_market_17,0.008115010789003998
stock_market_18,0.005992852244968455
stock_market_19,0.0033112085942528357
stock_market_20,0.00298627195516901
unemployment_4,0.0449816892824157
