feature,feature_score
elected_11,0.010128968528332161
elected_12,0.010400657692618973
elected_13,0.022341963201637175
elected_14,0.026993007452722328
elected_15,0.02973173718264868
elected_16,0.04069552706027959
election_2,0.04498026884973185
kentucky_8,0.024457071957530576
kentucky_9,0.038698928799418525
kentucky_20,0.035041718504086036
markets_9,0.030667957823252306
markets_10,0.030630420137407348
