feature,feature_score
elected_1,0.041148007474307594
invest_2,0.02071707927240686
invest_3,0.02503454131506679
