feature,feature_score
DOW_JONES_2,0.027803509394566692
DOW_JONES_3,0.03657654412303643
DOW_JONES_5,0.013727168857416256
DOW_JONES_6,0.008360294254561513
DOW_JONES_7,0.008154676978304118
DOW_JONES_8,0.005047490642977979
DOW_JONES_9,0.00436479472104101
DOW_JONES_10,0.0007118710193492545
DOW_JONES_11,0.0006618645516562163
DOW_JONES_12,0.00048504252786427636
DOW_JONES_13,0.00025573637145420117
DOW_JONES_14,0.0002561000668334283
DOW_JONES_15,4.149596383704824e-05
DOW_JONES_16,1.3226383031164019e-05
DOW_JONES_17,1.1886459149386366e-05
DOW_JONES_18,1.5056791284248577e-05
DOW_JONES_19,5.063801337559227e-07
DOW_JONES_20,5.084695871453363e-07
banking_2,0.03903834216279158
banking_3,0.005394395880813517
banking_4,0.007950676211391587
banking_5,0.008636957919451963
banking_6,0.013763567296092308
banking_7,0.020854353688759073
banking_8,0.03619889011582863
dow_jones_8,0.020986319370972985
dow_jones_9,0.016479828407253767
dow_jones_10,0.0033761630805243196
dow_jones_11,0.003198728167581981
dow_jones_12,0.003691258335775903
dow_jones_13,0.0011758508359331016
dow_jones_14,0.0011571149018712347
dow_jones_15,3.468674734633342e-05
dow_jones_16,2.9034062985507543e-05
dow_jones_17,2.9784395670329805e-05
dow_jones_18,4.023386049741171e-05
dow_jones_19,5.880707214341956e-06
dow_jones_20,6.878028109467794e-06
election_16,0.046288294632250315
election_18,0.014397918777657481
election_19,0.019701896377782933
election_20,0.022418268639277476
firm_2,0.04545363452552709
holiday_1,0.038781045511015286
housing_3,0.031592437275256686
housing_4,0.040211895361925765
invest_2,0.03844461170954458
invest_3,0.03828939177141327
kentucky_3,0.041828519737782094
kentucky_4,0.018648485418704723
kentucky_5,0.03238676324604888
markets_2,0.046027302709503504
markets_3,0.008893174313442305
markets_4,0.008963195607719061
markets_5,0.018348793541088353
markets_6,0.03232719391197285
markets_8,0.03745890744819864
markets_10,0.03556854020654331
markets_11,0.040633133341587704
movement_1,0.031123201255838576
risk_1,0.04364467893905064
stock_market_17,0.04874105138968141
stock_market_19,0.020428547070165975
stock_market_20,0.019404400925994207
