feature,feature_score
DOW_JONES_7,0.03761339078632704
DOW_JONES_8,0.0319465672749731
DOW_JONES_9,0.030741932920270755
DOW_JONES_10,0.0018568795236072369
DOW_JONES_11,0.002822183920500358
DOW_JONES_12,0.0010221302704879432
DOW_JONES_13,0.00040479648633007004
DOW_JONES_14,0.0005043470598623176
DOW_JONES_15,5.628702596714864e-05
DOW_JONES_16,1.7708390029474304e-05
DOW_JONES_17,1.6201625938425908e-05
DOW_JONES_18,1.7726538507280694e-05
DOW_JONES_19,1.2816702284538938e-06
DOW_JONES_20,1.200819940450524e-06
banking_3,0.03586136235407657
banking_4,0.048725755836757506
banking_5,0.03652073505566546
dow_jones_10,0.011677229255357984
dow_jones_11,0.016976553553287792
dow_jones_12,0.013652713852902659
dow_jones_13,0.004956081044357694
dow_jones_14,0.006542772477862093
dow_jones_15,0.00010817294650031573
dow_jones_16,8.357319583533114e-05
dow_jones_17,8.508265068510012e-05
dow_jones_18,8.490846430124545e-05
dow_jones_19,2.1313695557342352e-05
dow_jones_20,2.5344307225410138e-05
election_14,0.026600411204615763
election_15,0.04243262505353254
election_16,0.023945254813434562
election_17,0.026111952985877884
election_18,0.007183580249733808
election_19,0.009504024046373058
election_20,0.01302139978441989
firm_2,0.0487227202605928
invest_2,0.0172297610005898
invest_3,0.01637864556852164
invest_4,0.037331547251607956
kentucky_3,0.04257737933275937
kentucky_4,0.03690782575564931
markets_2,0.03851311847404444
markets_3,0.017143615646155266
markets_4,0.023458332017321924
markets_5,0.03759780557199445
movement_1,0.039311742187630595
risk_1,0.040203423245933005
stock_market_16,0.04613209277919926
stock_market_17,0.043426947269819334
stock_market_18,0.04652682074837315
stock_market_19,0.04144119170524999
