feature,feature_score
conflict_4,0.04256758048226772
crisis_7,0.046246618260920545
default_1,0.004132183097490324
default_2,0.016987801054783987
default_3,0.005400750744986209
default_4,0.008838601552488992
default_5,0.013907293342079892
default_6,0.02458603990281279
default_7,0.03547216794098985
default_8,0.04934525308818226
happy_19,0.021018171470919896
happy_20,0.031427873245471444
hedge_9,0.030841423972029425
hedge_10,0.03169517748540013
hedge_11,0.04412591442800062
hedge_12,0.04352982663101026
hedge_13,0.04521942387159632
hedge_15,0.019259473221940982
hedge_16,0.025458281104918223
hedge_17,0.04184442744290769
labor_5,0.04387946337154621
labor_9,0.04917162378544218
ministry_2,0.04553235897278804
ministry_3,0.049669488613717526
portfolio_2,0.03803165743484067
profit_3,0.04365414204803559
served_11,0.03224339275294155
served_12,0.04001090840903202
served_14,0.046026244653949326
served_16,0.027654116297385355
served_17,0.03772193022697408
world_19,0.046247443488971446
