feature,feature_score
banking_1,0.033223625536495355
banking_2,0.011466976998637912
banking_3,0.03508858954868393
banking_4,0.034749385186815175
cash_1,0.047394646569763804
conflict_2,0.0477036786513094
fed_2,0.04716051724374727
fond_5,0.04871035608821165
markets_2,0.01142982425107833
markets_3,0.029931724701108376
markets_4,0.007586124050343087
markets_5,0.016633267491394807
markets_6,0.02893904996366412
markets_7,0.04325823598290242
markets_9,0.03448779522090374
markets_10,0.030955915699013962
markets_11,0.04402083989058626
markets_13,0.033917061594816174
markets_14,0.04756860903977303
return_1,0.04808636743617311
return_2,0.021472933475158086
risk_2,0.026790393402321883
wisconsin_2,0.038466540322664555
wisconsin_3,0.04806287330453392
