feature,feature_score
car_1,0.035308236816173746
car_5,0.03060581363203062
democratic_2,0.014113627384818939
democratic_3,0.01947254751078484
democratic_4,0.044503573050245646
democratic_5,0.024737575628166954
democratic_6,0.0449985334579401
democratic_9,0.04981217098571253
democratic_19,0.03556758090365753
democratic_20,0.044764664033855844
derivatives_19,0.04362828910386239
derivatives_20,0.04347574538105653
election_2,0.029504947327576424
election_3,0.041164293779730764
forex_1,0.022736667913263186
garden_2,0.025565659499123185
happy_20,0.026640175696502177
kentucky_3,0.03980873120221781
kentucky_6,0.035367425746895664
kentucky_10,0.03355865143989213
kentucky_11,0.04987958805254743
market_1,0.02534330682290842
party_13,0.03492106138066411
party_14,0.03470451009104217
party_15,0.043428767241528374
republican_2,0.04536778362362928
republican_3,0.026041720111100515
return_18,0.046011435887658304
return_19,0.03698991884034777
return_20,0.0381310656979049
ring_9,0.039083452616957615
ring_10,0.026640882005153153
ring_11,0.025238816376066977
ring_12,0.04397724022467104
