feature,feature_score
banking_2,0.04530398079318615
default_1,0.02955840587327185
kentucky_2,0.0221399002985647
kentucky_3,0.036872542708315394
markets_2,0.01399280425039458
markets_3,0.033725816904064246
markets_4,0.005154555730310698
markets_5,0.012198829284221047
markets_6,0.02323103537063018
markets_7,0.03593783099267478
million_14,0.04223432365995251
ministry_7,0.030717244263675406
profit_2,0.03134645477351115
profit_3,0.04699810797288613
return_2,0.021244332553721823
return_3,0.04707033078171019
returns_1,0.029118591468544345
returns_11,0.04700707491077882
served_8,0.012918613862432917
served_9,0.02216262505070777
served_10,0.005696459965189065
served_11,0.00446923375633698
served_12,0.0074159749648774805
served_13,0.013294470457912495
served_14,0.023522984013877243
served_15,0.025767289260530256
served_16,0.017907263599151405
served_17,0.0227998718520258
served_18,0.033603012935605796
served_19,0.03780039364544262
served_20,0.027916984841578053
wisconsin_2,0.01903801228603568
wisconsin_3,0.036504454277719076
