feature,feature_score
DOW_JONES_1,0.04603172277739728
DOW_JONES_2,0.003246565154409189
DOW_JONES_3,0.006529842848322011
DOW_JONES_4,0.014648338256088548
DOW_JONES_5,0.0018232885067847116
DOW_JONES_6,0.0006283032490958088
DOW_JONES_7,0.0011694472464681299
DOW_JONES_8,0.0016936464841722162
DOW_JONES_9,0.0023670569059330345
DOW_JONES_10,0.00027056149661289295
DOW_JONES_11,0.00020439282002697524
DOW_JONES_12,0.00012579200311002515
DOW_JONES_13,0.00017841408331261313
DOW_JONES_14,0.00015082787553798637
DOW_JONES_15,9.347010766200594e-06
DOW_JONES_16,7.192351681339582e-07
DOW_JONES_17,9.57775444164454e-07
DOW_JONES_18,1.0017743685421257e-06
DOW_JONES_19,4.7244967679287485e-08
DOW_JONES_20,5.4627509452896986e-08
banking_2,0.0257858785258547
banking_3,0.001461827443731744
banking_4,0.0035118512363839054
banking_5,0.0045419371273788195
banking_6,0.005874402524557683
banking_7,0.00811223667612591
banking_8,0.012696150978438783
banking_9,0.02095008492001896
banking_10,0.03634450441402633
banking_11,0.04999922915503691
cash_1,0.04250726451370796
cash_6,0.03983220250425732
cash_7,0.03415966623911919
dow_jones_2,0.03818612436676151
dow_jones_5,0.021133824792902243
dow_jones_6,0.008478904558510759
dow_jones_7,0.014281845981005256
dow_jones_8,0.012827310364590932
dow_jones_9,0.013172253797636002
dow_jones_10,0.003241789468267673
dow_jones_11,0.0023653648121174414
dow_jones_12,0.002182553086298176
dow_jones_13,0.0020660714650665895
dow_jones_14,0.0018776897760656715
dow_jones_15,2.591883656450737e-05
dow_jones_16,7.402699721825033e-06
dow_jones_17,9.18828279276404e-06
dow_jones_18,1.0831211453664893e-05
dow_jones_19,1.7189206954730926e-06
dow_jones_20,2.5416928119553405e-06
election_13,0.04357303888209604
election_14,0.018149538938375114
election_15,0.02693676190289456
election_16,0.010034863501027797
election_17,0.013704734558521572
election_18,0.005594183937537273
election_19,0.007230729223488553
election_20,0.009189397814687628
holiday_1,0.024325725349798467
housing_3,0.03615718102728638
invest_2,0.02040033764641412
invest_3,0.019004339778184973
invest_4,0.03848792951281726
markets_3,0.01882915232346201
markets_4,0.012849656428653058
markets_5,0.025493557095207224
markets_6,0.041475744390987196
markets_8,0.041127537733067765
markets_10,0.03425222798793776
markets_11,0.04096704756588263
movement_1,0.039722451870882275
stock_market_20,0.021405922692832143
