feature,feature_score
debt_1,0.016503147749838527
debt_2,0.04694914110089643
