feature,feature_score
DOW_JONES_5,0.0004159233615646437
DOW_JONES_6,3.070087579638733e-05
DOW_JONES_7,1.0778456624195136e-05
DOW_JONES_8,3.122056068423369e-06
DOW_JONES_9,2.3516934538846625e-06
DOW_JONES_10,5.5741919582621785e-06
DOW_JONES_11,8.007978571713507e-06
DOW_JONES_12,6.223856096070515e-06
DOW_JONES_13,9.722196618366285e-06
DOW_JONES_14,1.2197639480862947e-05
DOW_JONES_15,8.284183475265377e-06
DOW_JONES_16,8.10905776935041e-06
DOW_JONES_17,1.494602625242766e-05
DOW_JONES_18,1.489305329192027e-05
DOW_JONES_19,1.6364300215869276e-06
DOW_JONES_20,2.41448729972452e-06
dow_jones_5,0.002583579404544899
dow_jones_6,0.00022633039098288453
dow_jones_7,6.506828960882762e-05
dow_jones_8,2.8947481041887428e-05
dow_jones_9,1.32103446114839e-05
dow_jones_10,2.8435136864858217e-05
dow_jones_11,4.6900259656074496e-05
dow_jones_12,6.0205949513650144e-05
dow_jones_13,7.752009038996201e-05
dow_jones_14,9.189852905948938e-05
dow_jones_15,9.225407454576817e-06
dow_jones_16,1.2537640229383738e-05
dow_jones_17,1.8487700062796816e-05
dow_jones_18,2.597985383545791e-05
dow_jones_19,6.907893182937327e-06
dow_jones_20,1.1306051097056695e-05
election_12,0.036191320800931896
election_13,0.04184370313865263
election_14,0.04842830816916502
election_16,0.039973486951591475
election_17,0.04788130262877972
election_18,0.036295458115334134
election_19,0.029614245750852378
election_20,0.042463421130490876
markets_3,0.024901840497096397
markets_4,0.036745409698441166
stock_market_6,0.04241013714706541
votes_19,0.0401784976507915
votes_20,0.047602382207239405
