feature,feature_score
DOW_JONES_1,0.01915591060180499
DOW_JONES_2,0.004432140268759714
DOW_JONES_3,0.0061659784091562565
DOW_JONES_4,0.010580836763017465
DOW_JONES_5,0.0007939933625537758
DOW_JONES_6,0.00013375376617486101
DOW_JONES_7,6.304985235147008e-05
DOW_JONES_8,1.9715508305916625e-05
DOW_JONES_9,9.652801175825325e-06
DOW_JONES_10,2.503149248226069e-06
DOW_JONES_11,2.4773234219035115e-06
DOW_JONES_12,1.9397038005683757e-06
DOW_JONES_13,1.5617068981010477e-06
DOW_JONES_14,1.8600279100308996e-06
DOW_JONES_15,6.482343481103115e-07
DOW_JONES_16,5.2569107502238674e-08
DOW_JONES_17,5.072501372365482e-08
DOW_JONES_18,1.0781083779260911e-07
DOW_JONES_19,2.9012638490349043e-09
DOW_JONES_20,4.266600833804799e-09
banking_3,0.014160877499532725
banking_4,0.02228082618363983
banking_5,0.030045128489071187
banking_6,0.033989106872001996
dow_jones_1,0.028974615784432563
dow_jones_2,0.04124816498257617
dow_jones_5,0.0074416603565652184
dow_jones_6,0.0009575675630765435
dow_jones_7,0.00039460221236258566
dow_jones_8,6.755815003204025e-05
dow_jones_9,2.1205657309835465e-05
dow_jones_10,3.461324707345835e-06
dow_jones_11,3.6530241597115162e-06
dow_jones_12,4.803793589578339e-06
dow_jones_13,2.5456645891997827e-06
dow_jones_14,3.0076570737775234e-06
dow_jones_15,1.1588330489821053e-07
dow_jones_16,4.274560366530428e-08
dow_jones_17,3.263692613416805e-08
dow_jones_18,5.7619832902589284e-08
dow_jones_19,9.637199567942089e-09
dow_jones_20,1.5714459311467728e-08
election_12,0.04260535059090601
election_13,0.03239105890592143
election_14,0.01605765860527354
election_15,0.021790158119822906
election_16,0.00908717578785264
election_17,0.009999224614711014
election_18,0.002085953493393962
election_19,0.0032800677190353155
election_20,0.0050499834926049595
invest_2,0.0333371435471824
markets_3,0.03453923639070098
markets_4,0.03337386612328205
stock_market_1,0.01728052666669596
stock_market_9,0.004874924235937449
stock_market_10,0.007568476126557076
stock_market_11,0.008493856478278215
stock_market_12,0.01443553948055798
stock_market_13,0.025375105593766212
stock_market_14,0.030140478373115072
stock_market_15,0.025594367925986586
stock_market_16,0.01275078031366507
stock_market_17,0.011614070476829871
stock_market_18,0.015175526710414363
stock_market_19,0.006251775821721965
stock_market_20,0.008886339939228508
