feature,feature_score
Home_&_Garden_1,0.04540659779233349
Trucks_&_SUVs_2,0.00107197468488919
Trucks_&_SUVs_3,0.002297278983565521
Trucks_&_SUVs_4,0.007212246216203888
Fast_Food_4,0.01414966116591622
Home_Improvement_1,0.03531697928277222
Consulting_2,0.04433298661935157
