feature,feature_score
DOW_JONES_2,0.01680521022184863
DOW_JONES_3,0.03893276991975835
DOW_JONES_5,0.031988037060630685
DOW_JONES_6,0.048526342571272946
DOW_JONES_7,0.04493638256071468
DOW_JONES_10,0.0011587377419798913
DOW_JONES_11,0.0014381857233790915
DOW_JONES_12,0.0013452924864053783
DOW_JONES_13,0.0003477680797978225
DOW_JONES_14,0.00029017476711110796
DOW_JONES_15,4.3566633420012584e-05
DOW_JONES_16,7.230787015535955e-06
DOW_JONES_17,5.810029532186297e-06
DOW_JONES_18,9.003007264732342e-06
DOW_JONES_19,1.919196176993186e-07
DOW_JONES_20,2.9705559741922e-07
banking_3,0.04779222361143333
banking_5,0.03772533065220914
dow_jones_10,0.003138957604116342
dow_jones_11,0.002906655824783243
dow_jones_12,0.004310618974598116
dow_jones_13,0.0008084091728884666
dow_jones_14,0.0006763599302800401
dow_jones_15,3.360001030892922e-05
dow_jones_16,1.1899364984027202e-05
dow_jones_17,7.672601154419102e-06
dow_jones_18,1.0105665837375088e-05
dow_jones_19,9.635314365526114e-07
dow_jones_20,1.7471278332279199e-06
election_13,0.0372721648949784
election_14,0.018153660633626324
election_15,0.0284818958380148
election_16,0.011554039279183876
election_17,0.008071672210708251
election_18,0.0029814154397450735
election_19,0.004979685375737336
election_20,0.007766919406656838
invest_2,0.02881913964446634
invest_3,0.03292003232335124
kentucky_4,0.04508216729548077
stock_market_1,0.031360678256948715
