feature,feature_score
bubble_3,0.021123858612542967
business_2,0.0376789118813808
ceo_2,0.029534294682922697
ceo_5,0.02980508612070398
ceo_9,0.024230645771326983
ceo_10,0.015496571080209905
ceo_11,0.016594242162207062
ceo_12,0.029525106377512406
ceo_13,0.01139860027112603
ceo_14,0.01386109956695314
ceo_15,0.023034500194521558
ceo_16,0.03214047272577858
ceo_17,0.03435552726767736
ceo_18,0.03515598668311445
ceo_19,0.04485667969246314
ceo_20,0.043901699007378406
committee_2,0.017189483301347137
committee_3,0.024379304762342895
committee_4,0.030939511553685288
committee_6,0.0180163907456738
committee_7,0.023913624943350524
committee_8,0.033365953960576816
companies_2,0.006400824667840956
companies_3,0.01783871354869455
companies_4,0.04408750116450822
conflict_2,0.048512071229321885
corporation_2,0.031768610258094965
council_2,0.033595591062629486
county_2,0.037080321638575865
fed_2,0.023679873697445224
federal_2,0.047023681149946595
federal_16,0.03743131174196819
federal_17,0.03451328096809114
federal_18,0.03301759019320108
federal_20,0.011691698641054172
financial_2,0.02597834272254189
financial_3,0.04490734814911239
growth_2,0.03591936017280792
holiday_2,0.04262661874496942
housing_2,0.02753934795052953
housing_3,0.04029473442603643
inc_2,0.046562527637628866
labor_16,0.044329053134518466
marketing_2,0.011718047684248953
marketing_3,0.025724635230394585
marketing_4,0.03657220037605014
marketing_18,0.04992209998493412
markets_4,0.013022778573933722
markets_5,0.02765208796664417
members_7,0.042834303852974744
products_2,0.04581329674648137
revenue_2,0.003732957977842094
revenue_3,0.008008471395440978
revenue_4,0.013472352346316963
revenue_5,0.026810781509974343
risk_2,0.007873803867515851
risk_3,0.02257764750789901
risk_4,0.03859531475157256
risk_16,0.04810481564405802
risk_17,0.03328025799697258
risk_18,0.02917054846196924
risk_20,0.03767193053418874
security_17,0.04888833712673322
security_18,0.04822453961777669
security_20,0.025425611662077026
social_2,0.020892700265802852
water_2,0.04781324285250524
wisconsin_2,0.024124745681504783
