feature,feature_score
DOW_JONES_2,0.012363294280773242
DOW_JONES_3,0.023534290172313944
DOW_JONES_5,0.030155658452832027
DOW_JONES_6,0.027681546963732342
DOW_JONES_7,0.028859580929674642
DOW_JONES_8,0.01542995146216862
DOW_JONES_9,0.01387104770837123
DOW_JONES_10,0.004192589227421584
DOW_JONES_11,0.00439007922747926
DOW_JONES_12,0.004250347610097939
DOW_JONES_13,0.00303946179037989
DOW_JONES_14,0.0026987486886099104
DOW_JONES_15,0.000255689019210839
DOW_JONES_16,0.0001839868380848064
DOW_JONES_17,0.0002929190903101191
DOW_JONES_18,0.00027316099789421875
DOW_JONES_19,2.6018508701146593e-05
DOW_JONES_20,3.6863264832621296e-05
banking_2,0.010074124300785022
banking_3,0.0008457593683682929
banking_4,0.0017043460383628728
banking_5,0.001631270764963342
banking_6,0.0033294784078897644
banking_7,0.004696461892774038
banking_8,0.008997452432568803
banking_9,0.015291358027097069
banking_10,0.025309065715287
banking_11,0.035613890547653376
banking_12,0.047239787781423466
banking_20,0.04896749538264248
credit_3,0.0325647460690681
dow_jones_10,0.028002091131846218
dow_jones_11,0.03327962107334871
dow_jones_12,0.044371228109814025
dow_jones_13,0.026352620096112736
dow_jones_14,0.02080565985857733
dow_jones_15,0.0009184289878531704
dow_jones_16,0.0008652550935714539
dow_jones_17,0.0012402217360513604
dow_jones_18,0.0013618660159690156
dow_jones_19,0.00040672878980457566
dow_jones_20,0.0005795331496620108
election_18,0.02853671780472728
election_19,0.02832683518423627
election_20,0.031062588227883516
holiday_1,0.03454008047159225
invest_2,0.03072460003098743
invest_3,0.031948772806988227
labor_4,0.03975493409854693
lifestyle_2,0.02751540838833242
markets_2,0.029538874062427733
markets_3,0.004178505357159142
markets_4,0.006117757610544591
markets_5,0.014045895825064887
markets_6,0.027494228701162908
markets_7,0.03974305739788231
markets_8,0.03809880323037337
markets_10,0.047629274784822664
markets_11,0.04422510101662388
markets_19,0.036838363617032646
million_4,0.045518253396743355
movement_1,0.007851118407584415
movement_2,0.03706198624551363
stock_market_19,0.03364538273882042
stock_market_20,0.03188598601151924
