feature,feature_score
Economic_crisis_3,0.044930028420275006
Food_&_Drink_1,0.04400374682827111
Food_&_Drink_3,0.0209643457092592
Food_&_Drink_5,0.019757897187946367
Food_&_Drink_6,0.03529064882845604
Food_&_Drink_7,0.044534560498083554
Energy_&_Utilities_7,0.04491851259240682
Tobacco_Products_5,0.0026260034430813702
Tobacco_Products_6,0.010124809230219628
Tobacco_Products_7,0.029363652812541816
Sports_5,0.03232584278083815
Home_Furnishings_5,0.002382766525063686
Home_Furnishings_6,0.0025214788880235433
Home_Furnishings_7,0.0034544930787811998
Home_Furnishings_8,0.00625660432088809
Home_Furnishings_9,0.004426833404353851
Home_Furnishings_10,0.007035054776213717
Home_Furnishings_11,0.004267260077886695
Home_Furnishings_12,0.006486572791517271
Home_Furnishings_13,0.013148970252214823
Home_Furnishings_14,0.021111827334339812
Home_Furnishings_15,0.025972359161696518
Home_Furnishings_16,0.026718719887164333
Home_Furnishings_17,0.041961713968665895
Fast_Food_4,0.028846645492411692
Recruitement_11,0.014623418186040908
Recruitement_12,0.02095017019012961
Recruitement_13,0.006123925115393606
Recruitement_14,0.008328659115579964
Recruitement_15,0.022165175933092942
Recruitement_16,0.02420249151444871
Recruitement_17,0.030199692440725456
Recruitement_18,0.03857045596780879
Developer_Jobs_20,0.0017025639941961228
Job_search_2,0.01586567696924675
Job_search_3,0.028732152213620795
Economy_News_1,0.04921257088768498
Investment_16,0.040114164115642836
Investing_7,0.033438606061103625
Financial_Planning_17,0.02690857480325965
Financial_Planning_18,0.014201669013068838
Financial_Planning_19,0.023505987068685456
Financial_Planning_20,0.022120935229221504
Customer_Relationship_Management_(CRM)_1,0.022656466686253617
Corporate_Events_15,0.04693694102406271
Commercial_Vehicles_19,0.03381611078877881
Commercial_Vehicles_20,0.04752529018604882
