feature,feature_score
Economic_crisis_3,0.044930028420275006
Food_&_Drink_1,0.04400374682827111
Food_&_Drink_3,0.0209643457092592
Fast_Food_4,0.028846645492411692
Job_search_2,0.01586567696924675
Job_search_3,0.028732152213620795
Economy_News_1,0.04921257088768498
Customer_Relationship_Management_(CRM)_1,0.022656466686253617
