feature,feature_score
DOW_JONES_2,0.009685839137931886
DOW_JONES_3,0.01822141991829904
DOW_JONES_4,0.03581512214610387
DOW_JONES_5,0.0035630578194742143
DOW_JONES_6,0.0015519246074067025
DOW_JONES_7,0.0020272037077539383
DOW_JONES_8,0.002940377269906252
DOW_JONES_9,0.003544851432186737
DOW_JONES_10,0.00045759505059805514
DOW_JONES_11,0.0003067365403779984
DOW_JONES_12,0.00019095382188425653
DOW_JONES_13,0.00023116592106370854
DOW_JONES_14,0.00016313752984638302
DOW_JONES_15,9.41915077869049e-06
DOW_JONES_16,4.604102913887934e-07
DOW_JONES_17,6.567138365232088e-07
DOW_JONES_18,6.585821048229212e-07
DOW_JONES_19,9.884359862357143e-09
DOW_JONES_20,1.0026970352318892e-08
banking_2,0.0394975673973818
banking_3,0.002501082453270373
banking_4,0.005736954084486451
banking_5,0.005760568531472272
banking_6,0.007626216360657367
banking_7,0.010914016163326639
banking_8,0.0170529273412855
banking_9,0.027147800382513534
banking_10,0.04680175147750004
cash_1,0.03925192791398785
cash_6,0.02917920354883309
cash_7,0.027437427665525968
cash_8,0.04540276860536998
dow_jones_5,0.03338179389587531
dow_jones_6,0.015467025895857613
dow_jones_7,0.017196900430383785
dow_jones_8,0.01652943941395939
dow_jones_9,0.014447333122474865
dow_jones_10,0.003730993010734595
dow_jones_11,0.002809371408020062
dow_jones_12,0.002744114084312646
dow_jones_13,0.0019289259299030696
dow_jones_14,0.001461376147606061
dow_jones_15,2.1223285978235643e-05
dow_jones_16,4.3078437710044725e-06
dow_jones_17,5.7762471689870186e-06
dow_jones_18,5.780996122912347e-06
dow_jones_19,3.9312294491431966e-07
dow_jones_20,5.648275396760469e-07
election_12,0.03673301434647273
election_13,0.025000084383686675
election_14,0.011018375112026463
election_15,0.016283890006851525
election_16,0.006052907683755533
election_17,0.008338533465482622
election_18,0.0038280526732393815
election_19,0.005450529771458733
election_20,0.0071385516701976915
holiday_1,0.023572104776504618
housing_3,0.04300337406433246
invest_2,0.018823027347799753
invest_3,0.01898633108218786
invest_4,0.037051481882038106
kentucky_4,0.04906208476758969
markets_3,0.031500502331799275
markets_4,0.02528561088883192
markets_5,0.04972997663243067
stock_market_19,0.04126584206967021
stock_market_20,0.016829228646146208
