feature,feature_score
ceo_2,0.019289166807782174
ceo_4,0.017027230219925287
ceo_5,0.022008696822559768
ceo_6,0.04384355134723214
ceo_13,0.0315995349549945
ceo_14,0.027326201460045656
ceo_15,0.036303756186109606
ceo_16,0.04025463883845254
ceo_20,0.005811416735310697
default_3,0.02292298024693598
default_4,0.0485529745288231
default_15,0.015965718120819667
default_16,0.012034260073241512
default_17,0.01764082163638647
default_18,0.01099176084530117
default_19,0.009979630041032318
default_20,0.0054330054829459995
dividend_6,0.048233352846113194
firm_2,0.031760969888628886
food_18,0.038904874381054375
food_20,0.01588569220051878
gain_4,0.04248211907174979
kentucky_3,0.037670959181656354
kitchen_18,0.03507978792856061
markets_4,0.041910059646076914
markets_5,0.022987381808161532
markets_6,0.03597839829966152
markets_7,0.03314913387941272
markets_8,0.030741852405526317
markets_9,0.030351374329504365
markets_10,0.033389390477540026
markets_11,0.049664465126190195
markets_14,0.019597071265082464
markets_15,0.028022814170364337
markets_16,0.02273154788298793
markets_17,0.029831483192527843
markets_18,0.034753507690321976
markets_19,0.034649356606694444
markets_20,0.018250980119161538
nasdaq_1,0.030486139683573107
nasdaq_2,0.04085217960987852
revenue_2,0.013296910634266352
revenue_3,0.038571830898571885
revenue_4,0.03809743984534693
revenue_5,0.04907954066497848
success_11,0.030973074080391575
success_12,0.04224855470627861
trader_2,0.03219288987585215
world_8,0.04325472282964582
world_14,0.03506634700322209
world_15,0.01892932050074972
world_16,0.02155651765065632
world_17,0.007859518305444875
world_18,0.009790565387119053
world_19,0.0094878707311141
world_20,0.012070362780726929
