feature,feature_score
bank_17,0.04662209678104111
bank_19,0.04391348102110671
ceo_18,0.0424736834932749
crash_20,0.04594907926729778
default_1,0.0033898555921162677
default_2,0.014187922977787449
default_3,0.01971844763848396
default_4,0.019705571872081686
default_5,0.020135378323311758
default_6,0.04339655096903042
default_7,0.03406500376304147
default_8,0.04324149562737819
default_9,0.03063986314802809
default_12,0.03912600192454704
default_15,0.02570607717285067
default_16,0.013611278666996456
default_17,0.01723725945183045
default_18,0.027374587099399775
default_19,0.03788691334075716
federal_7,0.049659839753124366
federal_8,0.04099088393697167
financial_8,0.03018306678666535
financial_9,0.043206748945950293
financial_16,0.04560765840081825
fun_9,0.03013295615485299
fun_10,0.04450554926239423
fun_14,0.03773211109068725
house_1,0.032245828204707595
house_2,0.04917707930891681
house_3,0.02700012835847672
invest_3,0.0390719138563983
invest_8,0.0346614317647168
judge_14,0.026310040519344654
judge_15,0.04108892058286142
judge_17,0.03423343741657049
judge_18,0.038673104371715825
judge_19,0.04950510751373233
marketing_16,0.032029293996799775
marketing_17,0.04055042271960418
marketing_18,0.024778877136019055
marketing_19,0.025525803025510083
marketing_20,0.038455433519017625
markets_7,0.03142595191194108
markets_8,0.02626041601597764
markets_9,0.033815092642570724
markets_10,0.04870541703217616
minister_3,0.012056499528771232
minister_4,0.010553356250755834
minister_5,0.01337438586367456
minister_6,0.020689298203436027
minister_7,0.01704094339826845
minister_8,0.0036599695330912503
minister_9,0.007076338112084329
minister_10,0.0014352531409325057
minister_11,0.0016465822793480822
minister_12,0.0019989497538601825
minister_13,0.0030530878006132826
minister_14,0.0044716873621468796
minister_15,0.004482110480695752
minister_16,0.006645386698180001
minister_17,0.0030573999619405226
minister_18,0.0038062212625126174
minister_19,0.004498023127636518
minister_20,0.0012800012603320001
rich_8,0.02800276766278462
rich_9,0.0053650482890457004
rich_10,0.00804453865904593
rich_11,0.01152658403019314
rich_12,0.020527900903905057
rich_13,0.034549777146557326
rich_14,0.04421891063060831
served_11,0.03833316672414858
trader_2,0.032264491692521054
