feature,feature_score
stocks_1,0.030840643263188847
inflation_2,0.0352686603246493
inflation_4,0.0359696097295391
inflation_5,0.0026361126412627165
inflation_6,0.004345369447600751
inflation_7,0.005248217901284658
inflation_8,0.007391010868055421
inflation_9,0.013619134066184741
inflation_10,0.02332327962447672
inflation_11,0.020749623323647055
inflation_12,0.02192092345373869
inflation_13,0.024888262013322473
inflation_14,0.030865645177699887
inflation_18,0.04469854720919544
inflation_19,0.04856993608060315
