feature,feature_score
cash_9,0.03768940260390063
cash_11,0.044782080959332504
cash_20,0.037552623811799656
default_1,0.004190569723762213
default_2,0.013137724638964942
default_3,0.012722414018037798
default_4,0.028985233073739142
financial_20,0.012451054352214705
food_20,0.041972725051247786
growth_2,0.01841231845332192
growth_3,0.04946385757543358
headlines_9,0.04170937386328388
headlines_10,0.04280572025001902
headlines_11,0.013119555853783759
headlines_12,0.020934607667999743
headlines_13,0.020516915108102968
headlines_14,0.020399364006432483
headlines_15,0.022578623604075924
headlines_16,0.025364013249614004
headlines_17,0.03381576570299314
headlines_18,0.0336286923466635
headlines_19,0.04843446012072364
hedge_12,0.044085716459591695
justice_2,0.029684921166641728
labor_2,0.04157676092211701
lifestyle_12,0.04879979350845613
markets_5,0.022868419211984556
markets_6,0.04405065031863147
ministry_4,0.03886504083888433
profit_1,0.039526828454118215
profit_2,0.03507546938084881
profit_3,0.043113398104025286
rich_20,0.020832197785146205
train_18,0.04778815207339657
transaction_2,0.03396824214975998
unemployment_20,0.039123219763877885
water_15,0.03605204004547554
water_17,0.02310301278046455
water_18,0.030135627561653208
water_19,0.019267551228043252
water_20,0.008549546728865922
world_8,0.018647570057439604
world_9,0.03099435206283727
world_14,0.018042133064715794
world_15,0.006821306434465808
world_16,0.008338531310155085
world_17,0.003636361490123637
world_18,0.004247283255847775
world_19,0.005101897129083197
world_20,0.006098289246475621
