feature,feature_score
DOW_JONES_5,0.00040828312992461556
DOW_JONES_6,2.9626096960533532e-05
DOW_JONES_7,9.66103552829828e-06
DOW_JONES_8,2.8376791972268246e-06
DOW_JONES_9,2.2605131509007766e-06
DOW_JONES_10,5.2965594983296e-06
DOW_JONES_11,7.616325160652996e-06
DOW_JONES_12,5.901449683914044e-06
DOW_JONES_13,9.199612999197451e-06
DOW_JONES_14,1.1457228051380432e-05
DOW_JONES_15,7.757008381311128e-06
DOW_JONES_16,7.856902635869414e-06
DOW_JONES_17,1.4228825513455716e-05
DOW_JONES_18,1.500898396182008e-05
DOW_JONES_19,1.7008456828167623e-06
DOW_JONES_20,2.5882761525792297e-06
dow_jones_5,0.0025282435499915227
dow_jones_6,0.0002130149668028864
dow_jones_7,5.728342819630698e-05
dow_jones_8,2.656047542328151e-05
dow_jones_9,1.2816505648350284e-05
dow_jones_10,2.7270464594148944e-05
dow_jones_11,4.472137670794918e-05
dow_jones_12,5.823441261391378e-05
dow_jones_13,7.501923016215037e-05
dow_jones_14,8.858774086987415e-05
dow_jones_15,8.767826524981206e-06
dow_jones_16,1.2046389135035538e-05
dow_jones_17,1.745173839902888e-05
dow_jones_18,2.5754647029524124e-05
dow_jones_19,6.936146211897307e-06
dow_jones_20,1.1612410302862588e-05
election_12,0.03914353467616822
election_13,0.045093982209376486
election_16,0.04306738837926398
election_18,0.03845997414517336
election_19,0.03065646148172816
election_20,0.0437292576418349
markets_3,0.023319400909597426
markets_4,0.03454458557740907
stock_market_6,0.04303652005799036
votes_19,0.03958899254084713
votes_20,0.04659349197039058
