feature,feature_score
DOW_JONES_2,0.014932361633657463
DOW_JONES_3,0.02630503471077667
DOW_JONES_5,0.030026879118529047
DOW_JONES_6,0.02724178497332798
DOW_JONES_7,0.02719389722904962
DOW_JONES_8,0.013288053827365283
DOW_JONES_9,0.010418290630360245
DOW_JONES_10,0.00301673325511998
DOW_JONES_11,0.003305107620881415
DOW_JONES_12,0.0031293241586514494
DOW_JONES_13,0.002315169178534399
DOW_JONES_14,0.0019691085854010963
DOW_JONES_15,0.0002196727972612566
DOW_JONES_16,0.00016095606278136628
DOW_JONES_17,0.0002448571338768648
DOW_JONES_18,0.0002173143094412356
DOW_JONES_19,1.708567293030427e-05
DOW_JONES_20,2.2285018898568455e-05
banking_2,0.015182209131954868
banking_3,0.0013985968955941993
banking_4,0.0028145597443063573
banking_5,0.0024677205999032166
banking_6,0.004799172631745838
banking_7,0.006542576442241714
banking_8,0.012092608179262929
banking_9,0.01993477386370126
banking_10,0.03312689387566047
banking_11,0.044453154362130584
credit_3,0.03885956726362816
dow_jones_9,0.044376711780883885
dow_jones_10,0.02213787165509403
dow_jones_11,0.02687727961997302
dow_jones_12,0.036619000100782687
dow_jones_13,0.022841603072230297
dow_jones_14,0.017057603292767943
dow_jones_15,0.0008127031695495735
dow_jones_16,0.0007797849140996209
dow_jones_17,0.0010712215288796445
dow_jones_18,0.0011076042388210958
dow_jones_19,0.0002875921782334
dow_jones_20,0.00038893172423198495
election_18,0.02526935097842943
election_19,0.026003477067665922
election_20,0.02708223422799737
holiday_1,0.03236033115250978
invest_2,0.02854733381013043
invest_3,0.028351596704147625
lifestyle_2,0.03577176706753899
markets_2,0.026451498377631097
markets_3,0.004536621463825132
markets_4,0.006061904090907837
markets_5,0.013266726329413045
markets_6,0.026208435660512307
markets_7,0.03770601877529292
markets_8,0.033001373813387865
markets_9,0.048868407439168135
markets_10,0.039482976922542434
markets_11,0.03396328211161999
markets_12,0.0482967153386463
markets_19,0.033068098908906496
markets_20,0.048208166144033775
movement_1,0.009334241147096195
movement_2,0.04308037806106628
stock_market_19,0.03131107391304542
stock_market_20,0.030859960325636673
world_6,0.04784324473091494
