feature,feature_score
bank_16,0.0340975522500294
bank_17,0.03074910261614135
bank_18,0.03425929133040488
bank_19,0.032169707168369525
bank_20,0.04870667027210785
banking_1,0.036001038881221366
banking_3,0.035968322680720186
credit_8,0.04281668933110551
fed_2,0.03444150568837394
federal_7,0.015898074892114762
federal_8,0.009460309224123388
federal_9,0.013169934060355264
federal_10,0.019202317003952963
federal_11,0.022102093457085494
federal_12,0.02833201941110351
federal_13,0.038966344760231135
federal_14,0.046677001550545036
federal_15,0.009445376657632733
federal_16,0.010633906448932648
federal_17,0.014640952262315423
federal_18,0.015536970567922772
federal_19,0.02120933551522899
federal_20,0.03123526341813181
fun_14,0.015798230473867726
fun_15,0.029606691774470433
fun_16,0.02839034514706655
fun_17,0.04779159605637408
happy_10,0.02529899099218006
happy_11,0.038904653051790104
justice_4,0.04225691239328279
kentucky_3,0.04898974979496351
labor_5,0.04079662695664664
management_8,0.04991577599794245
markets_4,0.02180909580002521
markets_5,0.03558995966038809
markets_6,0.02575887966152297
markets_7,0.0219979281500659
markets_8,0.025275822297915317
markets_9,0.03266035368011061
markets_10,0.0410502998218465
markets_11,0.04571291889740821
society_1,0.043437952089195216
trader_2,0.030459658524278697
travel_3,0.04980386946381749
