feature,feature_score
DOW_JONES_2,0.018398557430630808
DOW_JONES_3,0.04312542442802361
DOW_JONES_5,0.03188254718120408
DOW_JONES_6,0.049296121381686174
DOW_JONES_7,0.041217676795666035
DOW_JONES_10,0.001008330051942272
DOW_JONES_11,0.001286114209774474
DOW_JONES_12,0.0012727593894531597
DOW_JONES_13,0.00033655562273514393
DOW_JONES_14,0.00028842724502833417
DOW_JONES_15,3.9604920026802425e-05
DOW_JONES_16,6.51905519586959e-06
DOW_JONES_17,5.158837079701248e-06
DOW_JONES_18,7.883130449944494e-06
DOW_JONES_19,2.060882050555928e-07
DOW_JONES_20,3.3392892607619204e-07
banking_5,0.03690935462317528
dow_jones_10,0.003047629196594526
dow_jones_11,0.0028787895957880037
dow_jones_12,0.004438699108232101
dow_jones_13,0.0008648237613901051
dow_jones_14,0.0007476129129794863
dow_jones_15,3.313831212747781e-05
dow_jones_16,1.1571988968995194e-05
dow_jones_17,7.369042512325512e-06
dow_jones_18,9.534496053959786e-06
dow_jones_19,1.0053326348843074e-06
dow_jones_20,1.865175727201491e-06
election_13,0.042216487905145025
election_14,0.02042538418120035
election_15,0.03231850464734232
election_16,0.013151357055141324
election_17,0.010080547859284122
election_18,0.003920634096170265
election_19,0.006390981604817764
election_20,0.010029031925869408
invest_2,0.026468995607509715
invest_3,0.030085030773980184
kentucky_4,0.045246031004873635
stock_market_1,0.030990431286502685
