feature,feature_score
Tobacco_Products_1,0.004559901304842459
Tobacco_Products_4,0.00662886381796975
Developer_Jobs_16,0.0011135056804506935
Developer_Jobs_20,0.005933870331034123
