feature,feature_score
Trucks_&_SUVs_2,0.015985563591377438
Fast_Food_4,0.027712523767905842
