feature,feature_score
Recession_1,0.0027921498649754765
Recession_2,0.01049551479925053
Pharmacy_4,0.036295559744438335
Home_Improvement_1,0.0010907137376724068
Home_Improvement_2,0.0020596479578778998
Data_Management_3,0.01907108918140896
