feature,feature_score
car_14,0.03277666595228569
derivatives_7,0.02763892373578585
derivatives_8,0.00431393672218444
derivatives_17,0.011014911102576004
derivatives_20,0.01647277636741055
election_19,0.01166972234946916
forex_20,0.0028269946299746608
garden_6,0.03516406116780999
garden_11,0.021939801527641998
happy_7,0.0034031144043731687
happy_10,0.029208562018228936
happy_17,0.016020126753241496
happy_19,0.0019519393934975746
happy_20,0.0005050481148283444
kentucky_3,0.03459587815093931
kentucky_5,0.023975791817763263
party_13,0.004373675934747113
republican_12,0.02464634548671906
return_12,0.018937749865458663
return_14,0.016187564781787976
return_19,0.04323755833307656
ring_1,0.013563380698868767
ring_3,0.02538953744828803
ring_7,0.0028229575556185595
