feature,feature_score
act_17,0.04050406323671416
act_18,0.017150353679719427
arts_1,0.01850624133451476
arts_12,0.01984752723707889
arts_17,0.00034336542019639525
arts_19,0.023309695657570368
banking_13,0.008640473617453936
banking_14,0.03262317212097083
banking_19,0.041758919695584935
banking_20,0.0446780616413636
bonds_6,0.036910662518942976
bonds_8,0.001401930860630276
bonds_13,0.009784571528250983
car_3,0.021565725973838115
car_19,0.047487572336257375
cash_6,0.0387939973890298
cash_8,0.02463956788076689
consume_4,0.0004331760403368468
consume_9,0.001045297451159299
consume_12,0.01207775020152707
consume_15,0.005760636303073575
consume_17,0.00017259555173257735
council_2,0.004228843099072929
council_14,0.024852954899785583
crash_10,0.011625602333070733
crash_20,0.02941633184566702
debt_2,0.014730773192324126
debt_9,0.01438097878142749
debt_11,0.0022529277960223896
dow_jones_12,0.030798040676667072
dow_jones_14,0.035128222908903925
dow_jones_15,0.038979138777993236
dow_jones_20,0.02438186224364271
firm_4,0.04088413985365236
gain_2,0.016559585455946522
gain_8,0.00724918870942951
gain_9,0.010241176352657106
gains_15,0.001814829383078284
georgia_3,0.04712402989347167
georgia_5,0.01276431360077504
georgia_15,0.019598817377392188
georgia_20,0.021489730542128972
greed_3,0.0005840245234806121
greed_8,0.03166897589135193
greed_10,0.011888232485938881
greed_15,0.010563741324972297
greed_18,0.005892060108296629
greed_20,0.01154712737018688
house_15,0.008896708210026288
kentucky_2,0.0491725178348401
kentucky_3,0.013290838233505837
kentucky_5,0.040841208542191275
leverage_7,0.04445256295948921
leverage_19,0.021734672491470826
leverage_20,0.0034406690611544885
management_4,0.0049676518846510755
marriage_4,0.00877472374543713
missouri_17,0.03382975299474802
missouri_20,0.030729769871419333
money_3,0.04129418134750764
money_4,0.046144521070103584
money_8,0.027114756097999803
